emp_no,first_name,last_name,gender,birth_date,hire_date
10001,James,Reddy,M,1982-04-08,2009-12-04
10002,Robert,Davis,M,1992-01-01,2007-04-08
10003,Anika,Anderson,M,1977-12-21,2022-07-08
10004,Kiara,Wilson,F,1965-03-23,2018-06-09
10005,Arjun,Patel,F,1971-02-13,2008-06-28
10006,Diya,Anderson,F,1967-12-15,2022-02-13
10007,Aditya,Davis,F,1988-10-07,2007-01-22
10008,Krishna,Mehta,M,1979-02-13,2013-08-21
10009,Patricia,Johnson,M,1988-06-07,2013-12-22
10010,James,Gupta,M,1980-03-15,2017-05-21
10011,Michael,Davis,M,1985-01-08,2006-06-13
10012,Ishaan,Gupta,M,1985-04-21,2020-07-21
10013,Kiara,Iyer,F,1973-04-24,2022-09-09
10014,William,Wilson,F,1990-06-08,2009-09-16
10015,Aditya,Verma,M,1974-11-06,2018-10-03
10016,Saanvi,Williams,F,1998-05-18,2005-11-24
10017,Vihaan,Davis,F,1986-02-10,2018-03-15
10018,Aarav,Rao,M,1997-02-28,2014-11-17
10019,Isha,Patel,M,1988-03-18,2021-01-20
10020,Ananya,Garcia,M,1972-06-27,2014-04-02
10021,Krishna,Wilson,M,1970-12-16,2007-09-25
10022,Arjun,Iyer,F,1975-05-17,2018-04-18
10023,David,Patel,F,1990-11-21,2016-08-17
10024,Kiara,Reddy,M,1979-02-11,2005-10-18
10025,Krishna,Wilson,M,1965-02-23,2006-04-03
10026,Linda,Verma,F,1969-09-08,2013-11-16
10027,Reyansh,Davis,M,1995-04-26,2020-07-07
10028,Vihaan,Reddy,F,1987-07-14,2019-12-02
10029,Robert,Reddy,M,1990-12-11,2008-04-07
10030,Reyansh,Davis,F,1973-07-06,2013-08-08
10031,Jennifer,Gupta,F,1971-01-21,2022-01-03
10032,Elizabeth,Singh,M,1991-08-16,2011-07-02
10033,Sai,Williams,M,1989-05-26,2019-05-14
10034,Michael,Davis,F,1974-04-10,2011-01-19
10035,William,Davis,M,1985-01-02,2023-08-17
10036,Elizabeth,Miller,M,1968-09-03,2010-02-20
10037,Aditya,Singh,F,1972-10-08,2023-10-02
10038,Isha,Gupta,F,1998-06-09,2011-11-23
10039,Ananya,Singh,F,1990-03-22,2014-08-11
10040,Elizabeth,Gupta,M,1994-10-19,2008-02-18
10041,Reyansh,Miller,F,1973-06-03,2012-06-10
10042,Sai,Jones,F,1998-01-22,2022-05-22
10043,Vihaan,Iyer,F,1972-02-24,2022-03-09
10044,Rohan,Anderson,M,1986-04-22,2013-09-16
10045,Ishaan,Verma,M,1992-05-02,2005-06-25
10046,Arjun,Rao,M,1993-09-23,2018-09-01
10047,Vihaan,Gupta,M,1967-06-19,2022-03-14
10048,Arjun,Verma,F,1988-01-12,2011-11-08
10049,Robert,Reddy,F,1991-10-24,2009-04-28
10050,Sai,Nair,F,1966-03-24,2015-07-26
10051,Robert,Singh,F,1975-12-04,2017-01-28
10052,Myra,Singh,M,1994-06-10,2012-04-01
10053,Robert,Patel,F,1986-05-28,2007-05-12
10054,James,Miller,F,1986-01-04,2013-03-19
10055,Ishaan,Verma,M,1992-06-24,2015-07-20
10056,Anika,Reddy,F,1977-05-02,2018-01-17
10057,Elizabeth,Davis,M,1988-07-03,2015-10-11
10058,Robert,Reddy,F,1997-05-22,2018-06-13
10059,Michael,Mehta,M,1977-07-22,2017-11-24
10060,Linda,Nair,F,1990-09-27,2005-05-10
10061,Reyansh,Brown,F,1994-08-15,2011-09-16
10062,Mary,Nair,M,1983-09-22,2015-02-27
10063,David,Singh,F,1979-04-05,2005-01-08
10064,Myra,Anderson,M,1994-07-21,2023-04-23
10065,Michael,Williams,F,1990-04-05,2005-02-25
10066,Aadhya,Singh,M,1998-08-02,2022-04-28
10067,Vihaan,Jones,M,1994-11-17,2022-10-11
10068,David,Jones,F,1993-03-24,2020-08-09
10069,David,Singh,F,1998-08-21,2012-05-15
10070,Aditya,Mehta,M,1982-06-11,2022-02-05
10071,Arjun,Singh,F,1974-12-07,2007-07-14
10072,Ananya,Davis,F,1991-01-07,2018-07-25
10073,Riya,Sharma,F,1995-01-12,2014-07-28
10074,Linda,Brown,M,1996-04-09,2018-08-01
10075,Saanvi,Smith,F,1975-08-05,2022-01-13
10076,Riya,Wilson,M,1970-11-14,2009-08-06
10077,Vivaan,Rao,F,1985-04-15,2015-06-25
10078,Linda,Williams,F,1991-05-27,2007-08-01
10079,William,Davis,M,1987-04-21,2007-11-02
10080,David,Sharma,M,1977-01-20,2009-04-05
10081,Myra,Reddy,M,1994-12-09,2016-03-20
10082,Isha,Reddy,M,1984-02-19,2005-05-19
10083,Robert,Williams,F,1977-02-19,2012-02-23
10084,David,Mehta,M,1967-06-18,2018-11-12
10085,Aditya,Miller,F,1965-07-27,2020-02-14
10086,Diya,Jones,M,1992-03-24,2021-11-09
10087,Isha,Davis,F,1994-07-27,2023-05-11
10088,Jennifer,Singh,M,1982-08-08,2019-10-20
10089,Robert,Williams,F,1966-08-28,2015-03-16
10090,Reyansh,Johnson,F,1986-05-20,2013-09-01
10091,Anika,Patel,M,1980-12-14,2020-09-25
10092,Krishna,Garcia,F,1993-01-03,2014-04-13
10093,Michael,Singh,F,1988-08-18,2021-06-14
10094,William,Davis,F,1987-12-15,2013-05-09
10095,Krishna,Reddy,M,1985-02-24,2022-12-06
10096,Reyansh,Patel,F,1982-12-19,2021-10-10
10097,Vihaan,Patel,F,1979-06-06,2014-01-23
10098,Navya,Iyer,F,1967-01-18,2014-12-05
10099,James,Garcia,M,1965-10-10,2020-08-15
10100,Ananya,Nair,M,1981-08-04,2007-07-16
10101,Aditya,Wilson,M,1974-03-26,2023-05-03
10102,Krishna,Reddy,F,1979-09-13,2019-08-10
10103,Jennifer,Wilson,F,1984-10-20,2006-10-24
10104,Vihaan,Patel,M,1981-11-03,2010-04-06
10105,Navya,Gupta,M,1965-07-15,2020-05-02
10106,Krishna,Mehta,F,1994-02-22,2012-05-26
10107,Mary,Wilson,M,1992-02-18,2012-11-05
10108,Elizabeth,Rao,M,1969-01-06,2014-10-24
10109,Patricia,Wilson,F,1993-02-15,2014-12-13
10110,Ishaan,Miller,F,1993-02-20,2006-07-24
10111,Ananya,Anderson,F,1966-02-08,2023-10-01
10112,David,Rao,M,1976-08-17,2019-05-06
10113,Riya,Brown,F,1970-08-12,2018-06-11
10114,Robert,Reddy,M,1986-07-23,2020-05-22
10115,Saanvi,Davis,M,1994-02-11,2013-06-04
10116,David,Williams,M,1994-07-02,2011-09-12
10117,Isha,Garcia,F,1968-04-09,2022-03-10
10118,Kiara,Garcia,M,1966-11-20,2012-12-06
10119,Rohan,Davis,M,1991-02-08,2008-08-04
10120,James,Iyer,F,1983-09-23,2013-07-27
10121,Myra,Garcia,M,1994-09-05,2017-04-20
10122,Anika,Iyer,M,1982-07-11,2021-05-27
10123,Aarav,Mehta,F,1996-03-15,2022-08-12
10124,Ananya,Davis,F,1994-06-28,2011-12-08
10125,Riya,Williams,M,1991-01-11,2020-12-26
10126,Saanvi,Williams,M,1996-01-05,2021-10-11
10127,Jennifer,Reddy,F,1971-09-15,2005-12-05
10128,Aadhya,Iyer,M,1995-05-11,2017-11-03
10129,Jennifer,Smith,F,1985-11-23,2020-09-02
10130,Isha,Gupta,M,1983-04-24,2007-07-04
10131,David,Reddy,F,1975-12-10,2005-01-11
10132,Mary,Verma,F,1987-06-14,2009-04-17
10133,Aadhya,Wilson,M,1975-03-03,2017-10-22
10134,Krishna,Garcia,M,1979-08-21,2013-08-09
10135,Robert,Sharma,F,1983-11-18,2010-02-15
10136,Diya,Wilson,F,1992-12-09,2019-05-07
10137,Saanvi,Garcia,M,1980-07-19,2016-10-10
10138,Michael,Mehta,M,1990-05-01,2023-11-25
10139,William,Verma,F,1983-04-20,2016-04-21
10140,Reyansh,Anderson,F,1973-11-04,2006-05-26
10141,Kiara,Verma,F,1973-02-10,2015-12-14
10142,Sai,Patel,M,1988-09-17,2013-03-09
10143,Elizabeth,Garcia,F,1986-02-15,2007-03-25
10144,Krishna,Williams,F,1970-07-01,2013-09-04
10145,Kiara,Johnson,F,1989-11-12,2008-11-08
10146,Myra,Sharma,F,1979-11-03,2019-12-10
10147,James,Brown,M,1973-01-02,2014-08-04
10148,Vihaan,Singh,M,1989-08-12,2022-07-19
10149,William,Iyer,F,1971-08-20,2018-05-02
10150,Michael,Johnson,M,1993-08-08,2016-02-22
