emp_no,salary,from_date,to_date
10001,52059,2009-01-01,2009-12-31
10001,54465,2010-01-01,2010-12-31
10001,56861,2011-01-01,2011-12-31
10001,59498,2012-01-01,2012-12-31
10001,64102,2013-01-01,2013-12-31
10001,66688,2014-01-01,2014-12-31
10001,68769,2015-01-01,2015-12-31
10001,72999,2016-01-01,2016-12-31
10001,76067,2017-01-01,2017-12-31
10001,81227,2018-01-01,2018-12-31
10001,84151,2019-01-01,2019-12-31
10001,86251,2020-01-01,2020-12-31
10001,90172,2021-01-01,2021-12-31
10001,94305,2022-01-01,2022-12-31
10001,101821,2023-01-01,2023-12-31
10002,49626,2007-01-01,2007-12-31
10002,51574,2008-01-01,2008-12-31
10002,52853,2009-01-01,2009-12-31
10002,56005,2010-01-01,2010-12-31
10002,58155,2011-01-01,2011-12-31
10002,61420,2012-01-01,2012-12-31
10002,64218,2013-01-01,2013-12-31
10002,68160,2014-01-01,2014-12-31
10002,70960,2015-01-01,2015-12-31
10002,72559,2016-01-01,2016-12-31
10002,77797,2017-01-01,2017-12-31
10002,80998,2018-01-01,2018-12-31
10002,87468,2019-01-01,2019-12-31
10002,90658,2020-01-01,2020-12-31
10002,97801,2021-01-01,2021-12-31
10002,105319,2022-01-01,2022-12-31
10002,107899,2023-01-01,2023-12-31
10003,51904,2022-01-01,2022-12-31
10003,54539,2023-01-01,2023-12-31
10004,45242,2018-01-01,2018-12-31
10004,48733,2019-01-01,2019-12-31
10004,50125,2020-01-01,2020-12-31
10004,52954,2021-01-01,2021-12-31
10004,56495,2022-01-01,2022-12-31
10004,57742,2023-01-01,2023-12-31
10005,65510,2008-01-01,2008-12-31
10005,69356,2009-01-01,2009-12-31
10005,72250,2010-01-01,2010-12-31
10005,77810,2011-01-01,2011-12-31
10005,79517,2012-01-01,2012-12-31
10005,81839,2013-01-01,2013-12-31
10005,85685,2014-01-01,2014-12-31
10005,89305,2015-01-01,2015-12-31
10005,93469,2016-01-01,2016-12-31
10005,95769,2017-01-01,2017-12-31
10005,98475,2018-01-01,2018-12-31
10005,102612,2019-01-01,2019-12-31
10005,106599,2020-01-01,2020-12-31
10005,110513,2021-01-01,2021-12-31
10005,119092,2022-01-01,2022-12-31
10005,121659,2023-01-01,2023-12-31
10006,56965,2022-01-01,2022-12-31
10006,59426,2023-01-01,2023-12-31
10007,48577,2007-01-01,2007-12-31
10007,51807,2008-01-01,2008-12-31
10007,55031,2009-01-01,2009-12-31
10007,56840,2010-01-01,2010-12-31
10007,60063,2011-01-01,2011-12-31
10007,63765,2012-01-01,2012-12-31
10007,68860,2013-01-01,2013-12-31
10007,71064,2014-01-01,2014-12-31
10007,73064,2015-01-01,2015-12-31
10007,74849,2016-01-01,2016-12-31
10007,77121,2017-01-01,2017-12-31
10007,81964,2018-01-01,2018-12-31
10007,88507,2019-01-01,2019-12-31
10007,94581,2020-01-01,2020-12-31
10007,101963,2021-01-01,2021-12-31
10007,110037,2022-01-01,2022-12-31
10007,116646,2023-01-01,2023-12-31
10008,58022,2013-01-01,2013-12-31
10008,61069,2014-01-01,2014-12-31
10008,65556,2015-01-01,2015-12-31
10008,70215,2016-01-01,2016-12-31
10008,74618,2017-01-01,2017-12-31
10008,80262,2018-01-01,2018-12-31
10008,84938,2019-01-01,2019-12-31
10008,90681,2020-01-01,2020-12-31
10008,95262,2021-01-01,2021-12-31
10008,97860,2022-01-01,2022-12-31
10008,100997,2023-01-01,2023-12-31
10009,65898,2013-01-01,2013-12-31
10009,69169,2014-01-01,2014-12-31
10009,72050,2015-01-01,2015-12-31
10009,75964,2016-01-01,2016-12-31
10009,79613,2017-01-01,2017-12-31
10009,85900,2018-01-01,2018-12-31
10009,88286,2019-01-01,2019-12-31
10009,94735,2020-01-01,2020-12-31
10009,97003,2021-01-01,2021-12-31
10009,101260,2022-01-01,2022-12-31
10009,107641,2023-01-01,2023-12-31
10010,53460,2017-01-01,2017-12-31
10010,56996,2018-01-01,2018-12-31
10010,60951,2019-01-01,2019-12-31
10010,62439,2020-01-01,2020-12-31
10010,67330,2021-01-01,2021-12-31
10010,71271,2022-01-01,2022-12-31
10010,74620,2023-01-01,2023-12-31
10011,51289,2006-01-01,2006-12-31
10011,52709,2007-01-01,2007-12-31
10011,56385,2008-01-01,2008-12-31
10011,59377,2009-01-01,2009-12-31
10011,62658,2010-01-01,2010-12-31
10011,66797,2011-01-01,2011-12-31
10011,68650,2012-01-01,2012-12-31
10011,72094,2013-01-01,2013-12-31
10011,77291,2014-01-01,2014-12-31
10011,82692,2015-01-01,2015-12-31
10011,86916,2016-01-01,2016-12-31
10011,90240,2017-01-01,2017-12-31
10011,92921,2018-01-01,2018-12-31
10011,99990,2019-01-01,2019-12-31
10011,103342,2020-01-01,2020-12-31
10011,111283,2021-01-01,2021-12-31
10011,116973,2022-01-01,2022-12-31
10011,121306,2023-01-01,2023-12-31
10012,46432,2020-01-01,2020-12-31
10012,49129,2021-01-01,2021-12-31
10012,51735,2022-01-01,2022-12-31
10012,53158,2023-01-01,2023-12-31
10013,57481,2022-01-01,2022-12-31
10013,58952,2023-01-01,2023-12-31
10014,59392,2009-01-01,2009-12-31
10014,63935,2010-01-01,2010-12-31
10014,65805,2011-01-01,2011-12-31
10014,69721,2012-01-01,2012-12-31
10014,74130,2013-01-01,2013-12-31
10014,78304,2014-01-01,2014-12-31
10014,83828,2015-01-01,2015-12-31
10014,88339,2016-01-01,2016-12-31
10014,94479,2017-01-01,2017-12-31
10014,96529,2018-01-01,2018-12-31
10014,98722,2019-01-01,2019-12-31
10014,104495,2020-01-01,2020-12-31
10014,110201,2021-01-01,2021-12-31
10014,116710,2022-01-01,2022-12-31
10014,124414,2023-01-01,2023-12-31
10015,60938,2018-01-01,2018-12-31
10015,62267,2019-01-01,2019-12-31
10015,66833,2020-01-01,2020-12-31
10015,70357,2021-01-01,2021-12-31
10015,74473,2022-01-01,2022-12-31
10015,77312,2023-01-01,2023-12-31
10016,66455,2005-01-01,2005-12-31
10016,70515,2006-01-01,2006-12-31
10016,73183,2007-01-01,2007-12-31
10016,74967,2008-01-01,2008-12-31
10016,76735,2009-01-01,2009-12-31
10016,80293,2010-01-01,2010-12-31
10016,84231,2011-01-01,2011-12-31
10016,86946,2012-01-01,2012-12-31
10016,91849,2013-01-01,2013-12-31
10016,95408,2014-01-01,2014-12-31
10016,101428,2015-01-01,2015-12-31
10016,107924,2016-01-01,2016-12-31
10016,115656,2017-01-01,2017-12-31
10016,124737,2018-01-01,2018-12-31
10016,128210,2019-01-01,2019-12-31
10016,133624,2020-01-01,2020-12-31
10016,140799,2021-01-01,2021-12-31
10016,146310,2022-01-01,2022-12-31
10016,153331,2023-01-01,2023-12-31
10017,48123,2018-01-01,2018-12-31
10017,49492,2019-01-01,2019-12-31
10017,50632,2020-01-01,2020-12-31
10017,54516,2021-01-01,2021-12-31
10017,58432,2022-01-01,2022-12-31
10017,61066,2023-01-01,2023-12-31
10018,69566,2014-01-01,2014-12-31
10018,71623,2015-01-01,2015-12-31
10018,74462,2016-01-01,2016-12-31
10018,78532,2017-01-01,2017-12-31
10018,81576,2018-01-01,2018-12-31
10018,86942,2019-01-01,2019-12-31
10018,91280,2020-01-01,2020-12-31
10018,95924,2021-01-01,2021-12-31
10018,100713,2022-01-01,2022-12-31
10018,104591,2023-01-01,2023-12-31
10019,52885,2021-01-01,2021-12-31
10019,55546,2022-01-01,2022-12-31
10019,59878,2023-01-01,2023-12-31
10020,51563,2014-01-01,2014-12-31
10020,52744,2015-01-01,2015-12-31
10020,54689,2016-01-01,2016-12-31
10020,57743,2017-01-01,2017-12-31
10020,61817,2018-01-01,2018-12-31
10020,65547,2019-01-01,2019-12-31
10020,67981,2020-01-01,2020-12-31
10020,69373,2021-01-01,2021-12-31
10020,71207,2022-01-01,2022-12-31
10020,73203,2023-01-01,2023-12-31
10021,51985,2007-01-01,2007-12-31
10021,55407,2008-01-01,2008-12-31
10021,57731,2009-01-01,2009-12-31
10021,60273,2010-01-01,2010-12-31
10021,63540,2011-01-01,2011-12-31
10021,65552,2012-01-01,2012-12-31
10021,69038,2013-01-01,2013-12-31
10021,70723,2014-01-01,2014-12-31
10021,74277,2015-01-01,2015-12-31
10021,79169,2016-01-01,2016-12-31
10021,82081,2017-01-01,2017-12-31
10021,88593,2018-01-01,2018-12-31
10021,93981,2019-01-01,2019-12-31
10021,96530,2020-01-01,2020-12-31
10021,104108,2021-01-01,2021-12-31
10021,108650,2022-01-01,2022-12-31
10021,116004,2023-01-01,2023-12-31
10022,51980,2018-01-01,2018-12-31
10022,55374,2019-01-01,2019-12-31
10022,57142,2020-01-01,2020-12-31
10022,60030,2021-01-01,2021-12-31
10022,63031,2022-01-01,2022-12-31
10022,64462,2023-01-01,2023-12-31
10023,50913,2016-01-01,2016-12-31
10023,54387,2017-01-01,2017-12-31
10023,57169,2018-01-01,2018-12-31
10023,58823,2019-01-01,2019-12-31
10023,63151,2020-01-01,2020-12-31
10023,64943,2021-01-01,2021-12-31
10023,69871,2022-01-01,2022-12-31
10023,72603,2023-01-01,2023-12-31
10024,60201,2005-01-01,2005-12-31
10024,64075,2006-01-01,2006-12-31
10024,66506,2007-01-01,2007-12-31
10024,69178,2008-01-01,2008-12-31
10024,73999,2009-01-01,2009-12-31
10024,77842,2010-01-01,2010-12-31
10024,82709,2011-01-01,2011-12-31
10024,85850,2012-01-01,2012-12-31
10024,91768,2013-01-01,2013-12-31
10024,95631,2014-01-01,2014-12-31
10024,101409,2015-01-01,2015-12-31
10024,109399,2016-01-01,2016-12-31
10024,115418,2017-01-01,2017-12-31
10024,123243,2018-01-01,2018-12-31
10024,131071,2019-01-01,2019-12-31
10024,139103,2020-01-01,2020-12-31
10024,142107,2021-01-01,2021-12-31
10024,148995,2022-01-01,2022-12-31
10024,160620,2023-01-01,2023-12-31
10025,65433,2006-01-01,2006-12-31
10025,69012,2007-01-01,2007-12-31
10025,71334,2008-01-01,2008-12-31
10025,72980,2009-01-01,2009-12-31
10025,76543,2010-01-01,2010-12-31
10025,80481,2011-01-01,2011-12-31
10025,85573,2012-01-01,2012-12-31
10025,91261,2013-01-01,2013-12-31
10025,95168,2014-01-01,2014-12-31
10025,101763,2015-01-01,2015-12-31
10025,105277,2016-01-01,2016-12-31
10025,110999,2017-01-01,2017-12-31
10025,117884,2018-01-01,2018-12-31
10025,121591,2019-01-01,2019-12-31
10025,127240,2020-01-01,2020-12-31
10025,132981,2021-01-01,2021-12-31
10025,138935,2022-01-01,2022-12-31
10025,143413,2023-01-01,2023-12-31
10026,60036,2013-01-01,2013-12-31
10026,64552,2014-01-01,2014-12-31
10026,69223,2015-01-01,2015-12-31
10026,73663,2016-01-01,2016-12-31
10026,75411,2017-01-01,2017-12-31
10026,77543,2018-01-01,2018-12-31
10026,80058,2019-01-01,2019-12-31
10026,83220,2020-01-01,2020-12-31
10026,88191,2021-01-01,2021-12-31
10026,92735,2022-01-01,2022-12-31
10026,96335,2023-01-01,2023-12-31
10027,69888,2020-01-01,2020-12-31
10027,73521,2021-01-01,2021-12-31
10027,77401,2022-01-01,2022-12-31
10027,82087,2023-01-01,2023-12-31
10028,62306,2019-01-01,2019-12-31
10028,65957,2020-01-01,2020-12-31
10028,70019,2021-01-01,2021-12-31
10028,73982,2022-01-01,2022-12-31
10028,76315,2023-01-01,2023-12-31
10029,58287,2008-01-01,2008-12-31
10029,60496,2009-01-01,2009-12-31
10029,65123,2010-01-01,2010-12-31
10029,70263,2011-01-01,2011-12-31
10029,74919,2012-01-01,2012-12-31
10029,79586,2013-01-01,2013-12-31
10029,84473,2014-01-01,2014-12-31
10029,88640,2015-01-01,2015-12-31
10029,92964,2016-01-01,2016-12-31
10029,97949,2017-01-01,2017-12-31
10029,105399,2018-01-01,2018-12-31
10029,112070,2019-01-01,2019-12-31
10029,116246,2020-01-01,2020-12-31
10029,122570,2021-01-01,2021-12-31
10029,129016,2022-01-01,2022-12-31
10029,138530,2023-01-01,2023-12-31
10030,51309,2013-01-01,2013-12-31
10030,55273,2014-01-01,2014-12-31
10030,59046,2015-01-01,2015-12-31
10030,61255,2016-01-01,2016-12-31
10030,63537,2017-01-01,2017-12-31
10030,67530,2018-01-01,2018-12-31
10030,70283,2019-01-01,2019-12-31
10030,73554,2020-01-01,2020-12-31
10030,76156,2021-01-01,2021-12-31
10030,79868,2022-01-01,2022-12-31
10030,82433,2023-01-01,2023-12-31
10031,58416,2022-01-01,2022-12-31
10031,62024,2023-01-01,2023-12-31
10032,60174,2011-01-01,2011-12-31
10032,64052,2012-01-01,2012-12-31
10032,66252,2013-01-01,2013-12-31
10032,67778,2014-01-01,2014-12-31
10032,72814,2015-01-01,2015-12-31
10032,75256,2016-01-01,2016-12-31
10032,77812,2017-01-01,2017-12-31
10032,79836,2018-01-01,2018-12-31
10032,83014,2019-01-01,2019-12-31
10032,87027,2020-01-01,2020-12-31
10032,92324,2021-01-01,2021-12-31
10032,94931,2022-01-01,2022-12-31
10032,102323,2023-01-01,2023-12-31
10033,45175,2019-01-01,2019-12-31
10033,47181,2020-01-01,2020-12-31
10033,50771,2021-01-01,2021-12-31
10033,54462,2022-01-01,2022-12-31
10033,57111,2023-01-01,2023-12-31
10034,49412,2011-01-01,2011-12-31
10034,51352,2012-01-01,2012-12-31
10034,54369,2013-01-01,2013-12-31
10034,58418,2014-01-01,2014-12-31
10034,59899,2015-01-01,2015-12-31
10034,63160,2016-01-01,2016-12-31
10034,66451,2017-01-01,2017-12-31
10034,70663,2018-01-01,2018-12-31
10034,76047,2019-01-01,2019-12-31
10034,81734,2020-01-01,2020-12-31
10034,84227,2021-01-01,2021-12-31
10034,90370,2022-01-01,2022-12-31
10034,93130,2023-01-01,2023-12-31
10035,67400,2023-01-01,2023-12-31
10036,56232,2010-01-01,2010-12-31
10036,57985,2011-01-01,2011-12-31
10036,61750,2012-01-01,2012-12-31
10036,66216,2013-01-01,2013-12-31
10036,68690,2014-01-01,2014-12-31
10036,70218,2015-01-01,2015-12-31
10036,72879,2016-01-01,2016-12-31
10036,76972,2017-01-01,2017-12-31
10036,82799,2018-01-01,2018-12-31
10036,86119,2019-01-01,2019-12-31
10036,90189,2020-01-01,2020-12-31
10036,95463,2021-01-01,2021-12-31
10036,100375,2022-01-01,2022-12-31
10036,107738,2023-01-01,2023-12-31
10037,56522,2023-01-01,2023-12-31
10038,46318,2011-01-01,2011-12-31
10038,49492,2012-01-01,2012-12-31
10038,51463,2013-01-01,2013-12-31
10038,54749,2014-01-01,2014-12-31
10038,57973,2015-01-01,2015-12-31
10038,61632,2016-01-01,2016-12-31
10038,62916,2017-01-01,2017-12-31
10038,65446,2018-01-01,2018-12-31
10038,67913,2019-01-01,2019-12-31
10038,72019,2020-01-01,2020-12-31
10038,74294,2021-01-01,2021-12-31
10038,78503,2022-01-01,2022-12-31
10038,83081,2023-01-01,2023-12-31
10039,54014,2014-01-01,2014-12-31
10039,56764,2015-01-01,2015-12-31
10039,58194,2016-01-01,2016-12-31
10039,61694,2017-01-01,2017-12-31
10039,63611,2018-01-01,2018-12-31
10039,65419,2019-01-01,2019-12-31
10039,67997,2020-01-01,2020-12-31
10039,70368,2021-01-01,2021-12-31
10039,72876,2022-01-01,2022-12-31
10039,75363,2023-01-01,2023-12-31
10040,50801,2008-01-01,2008-12-31
10040,52737,2009-01-01,2009-12-31
10040,56079,2010-01-01,2010-12-31
10040,57239,2011-01-01,2011-12-31
10040,60628,2012-01-01,2012-12-31
10040,64360,2013-01-01,2013-12-31
10040,65887,2014-01-01,2014-12-31
10040,67672,2015-01-01,2015-12-31
10040,70271,2016-01-01,2016-12-31
10040,73385,2017-01-01,2017-12-31
10040,77065,2018-01-01,2018-12-31
10040,82745,2019-01-01,2019-12-31
10040,87892,2020-01-01,2020-12-31
10040,91289,2021-01-01,2021-12-31
10040,93757,2022-01-01,2022-12-31
10040,100785,2023-01-01,2023-12-31
10041,60140,2012-01-01,2012-12-31
10041,62139,2013-01-01,2013-12-31
10041,66951,2014-01-01,2014-12-31
10041,70210,2015-01-01,2015-12-31
10041,73530,2016-01-01,2016-12-31
10041,79363,2017-01-01,2017-12-31
10041,82729,2018-01-01,2018-12-31
10041,87867,2019-01-01,2019-12-31
10041,94436,2020-01-01,2020-12-31
10041,100615,2021-01-01,2021-12-31
10041,107468,2022-01-01,2022-12-31
10041,114940,2023-01-01,2023-12-31
10042,62293,2022-01-01,2022-12-31
10042,66359,2023-01-01,2023-12-31
10043,42682,2022-01-01,2022-12-31
10043,44881,2023-01-01,2023-12-31
10044,51854,2013-01-01,2013-12-31
10044,53134,2014-01-01,2014-12-31
10044,55995,2015-01-01,2015-12-31
10044,57322,2016-01-01,2016-12-31
10044,60351,2017-01-01,2017-12-31
10044,63388,2018-01-01,2018-12-31
10044,66833,2019-01-01,2019-12-31
10044,68770,2020-01-01,2020-12-31
10044,71499,2021-01-01,2021-12-31
10044,75161,2022-01-01,2022-12-31
10044,77188,2023-01-01,2023-12-31
10045,59108,2005-01-01,2005-12-31
10045,62023,2006-01-01,2006-12-31
10045,66608,2007-01-01,2007-12-31
10045,69720,2008-01-01,2008-12-31
10045,71347,2009-01-01,2009-12-31
10045,73338,2010-01-01,2010-12-31
10045,76632,2011-01-01,2011-12-31
10045,80757,2012-01-01,2012-12-31
10045,85079,2013-01-01,2013-12-31
10045,90214,2014-01-01,2014-12-31
10045,93686,2015-01-01,2015-12-31
10045,95682,2016-01-01,2016-12-31
10045,99056,2017-01-01,2017-12-31
10045,101055,2018-01-01,2018-12-31
10045,104397,2019-01-01,2019-12-31
10045,106942,2020-01-01,2020-12-31
10045,111799,2021-01-01,2021-12-31
10045,118733,2022-01-01,2022-12-31
10045,124962,2023-01-01,2023-12-31
10046,69301,2018-01-01,2018-12-31
10046,70974,2019-01-01,2019-12-31
10046,76369,2020-01-01,2020-12-31
10046,78041,2021-01-01,2021-12-31
10046,81516,2022-01-01,2022-12-31
10046,86907,2023-01-01,2023-12-31
10047,63897,2022-01-01,2022-12-31
10047,67651,2023-01-01,2023-12-31
10048,69207,2011-01-01,2011-12-31
10048,72179,2012-01-01,2012-12-31
10048,77388,2013-01-01,2013-12-31
10048,83146,2014-01-01,2014-12-31
10048,86682,2015-01-01,2015-12-31
10048,91966,2016-01-01,2016-12-31
10048,97457,2017-01-01,2017-12-31
10048,102559,2018-01-01,2018-12-31
10048,108631,2019-01-01,2019-12-31
10048,113070,2020-01-01,2020-12-31
10048,116542,2021-01-01,2021-12-31
10048,122629,2022-01-01,2022-12-31
10048,128972,2023-01-01,2023-12-31
10049,47297,2009-01-01,2009-12-31
10049,50612,2010-01-01,2010-12-31
10049,53920,2011-01-01,2011-12-31
10049,58164,2012-01-01,2012-12-31
10049,60943,2013-01-01,2013-12-31
10049,64791,2014-01-01,2014-12-31
10049,67735,2015-01-01,2015-12-31
10049,70631,2016-01-01,2016-12-31
10049,73016,2017-01-01,2017-12-31
10049,76494,2018-01-01,2018-12-31
10049,78735,2019-01-01,2019-12-31
10049,81200,2020-01-01,2020-12-31
10049,87088,2021-01-01,2021-12-31
10049,92829,2022-01-01,2022-12-31
10049,94865,2023-01-01,2023-12-31
10050,60149,2015-01-01,2015-12-31
10050,64116,2016-01-01,2016-12-31
10050,68798,2017-01-01,2017-12-31
10050,70238,2018-01-01,2018-12-31
10050,72511,2019-01-01,2019-12-31
10050,74400,2020-01-01,2020-12-31
10050,76037,2021-01-01,2021-12-31
10050,80284,2022-01-01,2022-12-31
10050,85277,2023-01-01,2023-12-31
10051,64266,2017-01-01,2017-12-31
10051,65721,2018-01-01,2018-12-31
10051,68766,2019-01-01,2019-12-31
10051,72368,2020-01-01,2020-12-31
10051,77090,2021-01-01,2021-12-31
10051,82221,2022-01-01,2022-12-31
10051,84556,2023-01-01,2023-12-31
10052,47673,2012-01-01,2012-12-31
10052,50959,2013-01-01,2013-12-31
10052,54214,2014-01-01,2014-12-31
10052,56335,2015-01-01,2015-12-31
10052,59482,2016-01-01,2016-12-31
10052,63071,2017-01-01,2017-12-31
10052,65545,2018-01-01,2018-12-31
10052,68042,2019-01-01,2019-12-31
10052,69987,2020-01-01,2020-12-31
10052,74159,2021-01-01,2021-12-31
10052,76625,2022-01-01,2022-12-31
10052,79539,2023-01-01,2023-12-31
10053,59387,2007-01-01,2007-12-31
10053,63709,2008-01-01,2008-12-31
10053,68467,2009-01-01,2009-12-31
10053,72407,2010-01-01,2010-12-31
10053,75711,2011-01-01,2011-12-31
10053,79476,2012-01-01,2012-12-31
10053,85701,2013-01-01,2013-12-31
10053,92256,2014-01-01,2014-12-31
10053,97817,2015-01-01,2015-12-31
10053,104385,2016-01-01,2016-12-31
10053,108468,2017-01-01,2017-12-31
10053,113346,2018-01-01,2018-12-31
10053,116627,2019-01-01,2019-12-31
10053,121593,2020-01-01,2020-12-31
10053,129528,2021-01-01,2021-12-31
10053,135798,2022-01-01,2022-12-31
10053,145434,2023-01-01,2023-12-31
10054,63185,2013-01-01,2013-12-31
10054,64995,2014-01-01,2014-12-31
10054,68100,2015-01-01,2015-12-31
10054,69697,2016-01-01,2016-12-31
10054,72816,2017-01-01,2017-12-31
10054,76092,2018-01-01,2018-12-31
10054,80033,2019-01-01,2019-12-31
10054,83498,2020-01-01,2020-12-31
10054,86445,2021-01-01,2021-12-31
10054,89886,2022-01-01,2022-12-31
10054,92110,2023-01-01,2023-12-31
10055,52159,2015-01-01,2015-12-31
10055,53491,2016-01-01,2016-12-31
10055,56886,2017-01-01,2017-12-31
10055,58673,2018-01-01,2018-12-31
10055,60791,2019-01-01,2019-12-31
10055,64464,2020-01-01,2020-12-31
10055,68085,2021-01-01,2021-12-31
10055,73015,2022-01-01,2022-12-31
10055,75299,2023-01-01,2023-12-31
10056,63734,2018-01-01,2018-12-31
10056,67576,2019-01-01,2019-12-31
10056,69807,2020-01-01,2020-12-31
10056,72078,2021-01-01,2021-12-31
10056,77442,2022-01-01,2022-12-31
10056,80399,2023-01-01,2023-12-31
10057,46940,2015-01-01,2015-12-31
10057,50518,2016-01-01,2016-12-31
10057,54444,2017-01-01,2017-12-31
10057,55916,2018-01-01,2018-12-31
10057,60387,2019-01-01,2019-12-31
10057,63329,2020-01-01,2020-12-31
10057,65517,2021-01-01,2021-12-31
10057,69203,2022-01-01,2022-12-31
10057,71436,2023-01-01,2023-12-31
10058,58090,2018-01-01,2018-12-31
10058,60372,2019-01-01,2019-12-31
10058,62604,2020-01-01,2020-12-31
10058,65607,2021-01-01,2021-12-31
10058,69472,2022-01-01,2022-12-31
10058,72147,2023-01-01,2023-12-31
10059,68927,2017-01-01,2017-12-31
10059,72362,2018-01-01,2018-12-31
10059,74237,2019-01-01,2019-12-31
10059,80092,2020-01-01,2020-12-31
10059,83949,2021-01-01,2021-12-31
10059,89857,2022-01-01,2022-12-31
10059,96583,2023-01-01,2023-12-31
10060,53563,2005-01-01,2005-12-31
10060,54781,2006-01-01,2006-12-31
10060,58716,2007-01-01,2007-12-31
10060,62501,2008-01-01,2008-12-31
10060,63811,2009-01-01,2009-12-31
10060,67205,2010-01-01,2010-12-31
10060,70904,2011-01-01,2011-12-31
10060,75385,2012-01-01,2012-12-31
10060,78227,2013-01-01,2013-12-31
10060,80712,2014-01-01,2014-12-31
10060,83440,2015-01-01,2015-12-31
10060,87961,2016-01-01,2016-12-31
10060,91017,2017-01-01,2017-12-31
10060,95844,2018-01-01,2018-12-31
10060,103186,2019-01-01,2019-12-31
10060,107339,2020-01-01,2020-12-31
10060,114402,2021-01-01,2021-12-31
10060,120043,2022-01-01,2022-12-31
10060,127655,2023-01-01,2023-12-31
10061,55100,2011-01-01,2011-12-31
10061,56758,2012-01-01,2012-12-31
10061,60600,2013-01-01,2013-12-31
10061,62427,2014-01-01,2014-12-31
10061,66373,2015-01-01,2015-12-31
10061,69645,2016-01-01,2016-12-31
10061,74869,2017-01-01,2017-12-31
10061,78801,2018-01-01,2018-12-31
10061,83411,2019-01-01,2019-12-31
10061,85373,2020-01-01,2020-12-31
10061,87253,2021-01-01,2021-12-31
10061,93430,2022-01-01,2022-12-31
10061,100597,2023-01-01,2023-12-31
10062,65045,2015-01-01,2015-12-31
10062,66370,2016-01-01,2016-12-31
10062,68244,2017-01-01,2017-12-31
10062,72191,2018-01-01,2018-12-31
10062,73929,2019-01-01,2019-12-31
10062,76077,2020-01-01,2020-12-31
10062,78596,2021-01-01,2021-12-31
10062,82318,2022-01-01,2022-12-31
10062,84262,2023-01-01,2023-12-31
10063,60202,2005-01-01,2005-12-31
10063,64703,2006-01-01,2006-12-31
10063,68556,2007-01-01,2007-12-31
10063,69991,2008-01-01,2008-12-31
10063,73625,2009-01-01,2009-12-31
10063,76914,2010-01-01,2010-12-31
10063,78529,2011-01-01,2011-12-31
10063,83502,2012-01-01,2012-12-31
10063,87856,2013-01-01,2013-12-31
10063,91124,2014-01-01,2014-12-31
10063,95692,2015-01-01,2015-12-31
10063,101612,2016-01-01,2016-12-31
10063,106269,2017-01-01,2017-12-31
10063,114386,2018-01-01,2018-12-31
10063,117904,2019-01-01,2019-12-31
10063,126756,2020-01-01,2020-12-31
10063,133279,2021-01-01,2021-12-31
10063,137871,2022-01-01,2022-12-31
10063,145755,2023-01-01,2023-12-31
10064,51614,2023-01-01,2023-12-31
10065,53005,2005-01-01,2005-12-31
10065,54316,2006-01-01,2006-12-31
10065,58528,2007-01-01,2007-12-31
10065,61310,2008-01-01,2008-12-31
10065,63430,2009-01-01,2009-12-31
10065,67352,2010-01-01,2010-12-31
10065,69911,2011-01-01,2011-12-31
10065,74782,2012-01-01,2012-12-31
10065,76639,2013-01-01,2013-12-31
10065,82731,2014-01-01,2014-12-31
10065,87611,2015-01-01,2015-12-31
10065,89529,2016-01-01,2016-12-31
10065,93496,2017-01-01,2017-12-31
10065,97481,2018-01-01,2018-12-31
10065,102214,2019-01-01,2019-12-31
10065,108163,2020-01-01,2020-12-31
10065,114887,2021-01-01,2021-12-31
10065,117754,2022-01-01,2022-12-31
10065,126081,2023-01-01,2023-12-31
10066,50855,2022-01-01,2022-12-31
10066,53598,2023-01-01,2023-12-31
10067,43124,2022-01-01,2022-12-31
10067,46301,2023-01-01,2023-12-31
10068,47528,2020-01-01,2020-12-31
10068,49081,2021-01-01,2021-12-31
10068,52619,2022-01-01,2022-12-31
10068,56473,2023-01-01,2023-12-31
10069,41525,2012-01-01,2012-12-31
10069,44658,2013-01-01,2013-12-31
10069,47385,2014-01-01,2014-12-31
10069,49129,2015-01-01,2015-12-31
10069,51712,2016-01-01,2016-12-31
10069,54788,2017-01-01,2017-12-31
10069,56473,2018-01-01,2018-12-31
10069,60484,2019-01-01,2019-12-31
10069,61750,2020-01-01,2020-12-31
10069,63752,2021-01-01,2021-12-31
10069,65578,2022-01-01,2022-12-31
10069,70118,2023-01-01,2023-12-31
10070,42521,2022-01-01,2022-12-31
10070,44134,2023-01-01,2023-12-31
10071,58569,2007-01-01,2007-12-31
10071,62673,2008-01-01,2008-12-31
10071,65389,2009-01-01,2009-12-31
10071,70214,2010-01-01,2010-12-31
10071,73015,2011-01-01,2011-12-31
10071,77785,2012-01-01,2012-12-31
10071,79993,2013-01-01,2013-12-31
10071,86337,2014-01-01,2014-12-31
10071,91815,2015-01-01,2015-12-31
10071,96410,2016-01-01,2016-12-31
10071,103974,2017-01-01,2017-12-31
10071,106388,2018-01-01,2018-12-31
10071,111305,2019-01-01,2019-12-31
10071,119132,2020-01-01,2020-12-31
10071,123949,2021-01-01,2021-12-31
10071,132147,2022-01-01,2022-12-31
10071,142360,2023-01-01,2023-12-31
10072,65347,2018-01-01,2018-12-31
10072,67933,2019-01-01,2019-12-31
10072,71876,2020-01-01,2020-12-31
10072,76692,2021-01-01,2021-12-31
10072,80299,2022-01-01,2022-12-31
10072,83004,2023-01-01,2023-12-31
10073,52301,2014-01-01,2014-12-31
10073,54702,2015-01-01,2015-12-31
10073,58026,2016-01-01,2016-12-31
10073,61486,2017-01-01,2017-12-31
10073,63031,2018-01-01,2018-12-31
10073,66631,2019-01-01,2019-12-31
10073,71154,2020-01-01,2020-12-31
10073,75621,2021-01-01,2021-12-31
10073,77505,2022-01-01,2022-12-31
10073,79772,2023-01-01,2023-12-31
10074,60771,2018-01-01,2018-12-31
10074,62548,2019-01-01,2019-12-31
10074,65261,2020-01-01,2020-12-31
10074,67978,2021-01-01,2021-12-31
10074,69710,2022-01-01,2022-12-31
10074,75048,2023-01-01,2023-12-31
10075,64947,2022-01-01,2022-12-31
10075,67297,2023-01-01,2023-12-31
10076,46140,2009-01-01,2009-12-31
10076,48255,2010-01-01,2010-12-31
10076,50832,2011-01-01,2011-12-31
10076,53411,2012-01-01,2012-12-31
10076,54810,2013-01-01,2013-12-31
10076,56200,2014-01-01,2014-12-31
10076,59192,2015-01-01,2015-12-31
10076,62495,2016-01-01,2016-12-31
10076,66686,2017-01-01,2017-12-31
10076,71475,2018-01-01,2018-12-31
10076,72957,2019-01-01,2019-12-31
10076,76227,2020-01-01,2020-12-31
10076,81315,2021-01-01,2021-12-31
10076,86477,2022-01-01,2022-12-31
10076,91109,2023-01-01,2023-12-31
10077,47954,2015-01-01,2015-12-31
10077,50558,2016-01-01,2016-12-31
10077,52083,2017-01-01,2017-12-31
10077,54314,2018-01-01,2018-12-31
10077,55852,2019-01-01,2019-12-31
10077,57978,2020-01-01,2020-12-31
10077,60852,2021-01-01,2021-12-31
10077,62300,2022-01-01,2022-12-31
10077,65170,2023-01-01,2023-12-31
10078,55867,2007-01-01,2007-12-31
10078,59607,2008-01-01,2008-12-31
10078,62090,2009-01-01,2009-12-31
10078,66849,2010-01-01,2010-12-31
10078,71077,2011-01-01,2011-12-31
10078,74612,2012-01-01,2012-12-31
10078,78864,2013-01-01,2013-12-31
10078,82607,2014-01-01,2014-12-31
10078,84930,2015-01-01,2015-12-31
10078,86663,2016-01-01,2016-12-31
10078,90453,2017-01-01,2017-12-31
10078,96829,2018-01-01,2018-12-31
10078,100972,2019-01-01,2019-12-31
10078,108214,2020-01-01,2020-12-31
10078,113236,2021-01-01,2021-12-31
10078,118426,2022-01-01,2022-12-31
10078,126646,2023-01-01,2023-12-31
10079,59477,2007-01-01,2007-12-31
10079,61152,2008-01-01,2008-12-31
10079,63551,2009-01-01,2009-12-31
10079,68434,2010-01-01,2010-12-31
10079,70627,2011-01-01,2011-12-31
10079,73370,2012-01-01,2012-12-31
10079,79083,2013-01-01,2013-12-31
10079,85261,2014-01-01,2014-12-31
10079,88457,2015-01-01,2015-12-31
10079,93914,2016-01-01,2016-12-31
10079,98559,2017-01-01,2017-12-31
10079,103935,2018-01-01,2018-12-31
10079,107525,2019-01-01,2019-12-31
10079,112101,2020-01-01,2020-12-31
10079,119834,2021-01-01,2021-12-31
10079,125055,2022-01-01,2022-12-31
10079,128410,2023-01-01,2023-12-31
10080,59406,2009-01-01,2009-12-31
10080,64148,2010-01-01,2010-12-31
10080,66123,2011-01-01,2011-12-31
10080,70490,2012-01-01,2012-12-31
10080,72013,2013-01-01,2013-12-31
10080,76595,2014-01-01,2014-12-31
10080,82460,2015-01-01,2015-12-31
10080,85146,2016-01-01,2016-12-31
10080,90924,2017-01-01,2017-12-31
10080,97277,2018-01-01,2018-12-31
10080,99626,2019-01-01,2019-12-31
10080,106686,2020-01-01,2020-12-31
10080,113908,2021-01-01,2021-12-31
10080,120785,2022-01-01,2022-12-31
10080,124209,2023-01-01,2023-12-31
10081,48279,2016-01-01,2016-12-31
10081,51152,2017-01-01,2017-12-31
10081,54370,2018-01-01,2018-12-31
10081,58031,2019-01-01,2019-12-31
10081,59449,2020-01-01,2020-12-31
10081,64171,2021-01-01,2021-12-31
10081,67299,2022-01-01,2022-12-31
10081,70263,2023-01-01,2023-12-31
10082,68496,2005-01-01,2005-12-31
10082,72708,2006-01-01,2006-12-31
10082,76533,2007-01-01,2007-12-31
10082,81694,2008-01-01,2008-12-31
10082,85090,2009-01-01,2009-12-31
10082,91363,2010-01-01,2010-12-31
10082,96133,2011-01-01,2011-12-31
10082,101736,2012-01-01,2012-12-31
10082,104289,2013-01-01,2013-12-31
10082,111186,2014-01-01,2014-12-31
10082,117796,2015-01-01,2015-12-31
10082,122661,2016-01-01,2016-12-31
10082,129875,2017-01-01,2017-12-31
10082,132817,2018-01-01,2018-12-31
10082,143311,2019-01-01,2019-12-31
10082,152002,2020-01-01,2020-12-31
10082,158686,2021-01-01,2021-12-31
10082,169026,2022-01-01,2022-12-31
10082,182200,2023-01-01,2023-12-31
10083,40345,2012-01-01,2012-12-31
10083,41390,2013-01-01,2013-12-31
10083,42769,2014-01-01,2014-12-31
10083,45540,2015-01-01,2015-12-31
10083,47975,2016-01-01,2016-12-31
10083,50913,2017-01-01,2017-12-31
10083,52606,2018-01-01,2018-12-31
10083,54838,2019-01-01,2019-12-31
10083,57458,2020-01-01,2020-12-31
10083,60949,2021-01-01,2021-12-31
10083,64692,2022-01-01,2022-12-31
10083,66570,2023-01-01,2023-12-31
10084,55819,2018-01-01,2018-12-31
10084,57285,2019-01-01,2019-12-31
10084,59860,2020-01-01,2020-12-31
10084,64511,2021-01-01,2021-12-31
10084,66250,2022-01-01,2022-12-31
10084,71314,2023-01-01,2023-12-31
10085,50220,2020-01-01,2020-12-31
10085,52258,2021-01-01,2021-12-31
10085,55762,2022-01-01,2022-12-31
10085,58620,2023-01-01,2023-12-31
10086,43198,2021-01-01,2021-12-31
10086,45197,2022-01-01,2022-12-31
10086,47990,2023-01-01,2023-12-31
10087,49839,2023-01-01,2023-12-31
10088,63290,2019-01-01,2019-12-31
10088,64992,2020-01-01,2020-12-31
10088,69603,2021-01-01,2021-12-31
10088,73701,2022-01-01,2022-12-31
10088,78169,2023-01-01,2023-12-31
10089,64264,2015-01-01,2015-12-31
10089,66489,2016-01-01,2016-12-31
10089,68514,2017-01-01,2017-12-31
10089,70542,2018-01-01,2018-12-31
10089,74322,2019-01-01,2019-12-31
10089,80082,2020-01-01,2020-12-31
10089,82797,2021-01-01,2021-12-31
10089,86465,2022-01-01,2022-12-31
10089,89151,2023-01-01,2023-12-31
10090,54160,2013-01-01,2013-12-31
10090,56528,2014-01-01,2014-12-31
10090,60159,2015-01-01,2015-12-31
10090,64549,2016-01-01,2016-12-31
10090,67581,2017-01-01,2017-12-31
10090,70674,2018-01-01,2018-12-31
10090,72106,2019-01-01,2019-12-31
10090,74477,2020-01-01,2020-12-31
10090,77210,2021-01-01,2021-12-31
10090,82014,2022-01-01,2022-12-31
10090,87571,2023-01-01,2023-12-31
10091,66198,2020-01-01,2020-12-31
10091,70985,2021-01-01,2021-12-31
10091,73200,2022-01-01,2022-12-31
10091,76095,2023-01-01,2023-12-31
10092,48596,2014-01-01,2014-12-31
10092,51523,2015-01-01,2015-12-31
10092,54066,2016-01-01,2016-12-31
10092,58280,2017-01-01,2017-12-31
10092,60541,2018-01-01,2018-12-31
10092,63163,2019-01-01,2019-12-31
10092,65913,2020-01-01,2020-12-31
10092,67683,2021-01-01,2021-12-31
10092,70466,2022-01-01,2022-12-31
10092,73811,2023-01-01,2023-12-31
10093,62072,2021-01-01,2021-12-31
10093,65942,2022-01-01,2022-12-31
10093,68437,2023-01-01,2023-12-31
10094,42777,2013-01-01,2013-12-31
10094,45357,2014-01-01,2014-12-31
10094,47116,2015-01-01,2015-12-31
10094,48732,2016-01-01,2016-12-31
10094,50048,2017-01-01,2017-12-31
10094,52169,2018-01-01,2018-12-31
10094,53654,2019-01-01,2019-12-31
10094,55977,2020-01-01,2020-12-31
10094,59099,2021-01-01,2021-12-31
10094,62319,2022-01-01,2022-12-31
10094,65147,2023-01-01,2023-12-31
10095,57608,2022-01-01,2022-12-31
10095,61156,2023-01-01,2023-12-31
10096,45676,2021-01-01,2021-12-31
10096,48110,2022-01-01,2022-12-31
10096,50485,2023-01-01,2023-12-31
10097,50308,2014-01-01,2014-12-31
10097,53855,2015-01-01,2015-12-31
10097,56933,2016-01-01,2016-12-31
10097,61028,2017-01-01,2017-12-31
10097,65733,2018-01-01,2018-12-31
10097,68958,2019-01-01,2019-12-31
10097,71144,2020-01-01,2020-12-31
10097,74205,2021-01-01,2021-12-31
10097,78189,2022-01-01,2022-12-31
10097,82816,2023-01-01,2023-12-31
10098,56112,2014-01-01,2014-12-31
10098,58633,2015-01-01,2015-12-31
10098,62760,2016-01-01,2016-12-31
10098,65855,2017-01-01,2017-12-31
10098,67498,2018-01-01,2018-12-31
10098,68972,2019-01-01,2019-12-31
10098,73500,2020-01-01,2020-12-31
10098,76258,2021-01-01,2021-12-31
10098,79040,2022-01-01,2022-12-31
10098,83170,2023-01-01,2023-12-31
10099,54985,2020-01-01,2020-12-31
10099,57950,2021-01-01,2021-12-31
10099,61795,2022-01-01,2022-12-31
10099,64867,2023-01-01,2023-12-31
10100,58766,2007-01-01,2007-12-31
10100,60344,2008-01-01,2008-12-31
10100,64357,2009-01-01,2009-12-31
10100,68823,2010-01-01,2010-12-31
10100,71714,2011-01-01,2011-12-31
10100,76687,2012-01-01,2012-12-31
10100,78412,2013-01-01,2013-12-31
10100,83362,2014-01-01,2014-12-31
10100,87761,2015-01-01,2015-12-31
10100,94728,2016-01-01,2016-12-31
10100,97204,2017-01-01,2017-12-31
10100,103989,2018-01-01,2018-12-31
10100,110756,2019-01-01,2019-12-31
10100,114949,2020-01-01,2020-12-31
10100,124140,2021-01-01,2021-12-31
10100,129972,2022-01-01,2022-12-31
10100,135289,2023-01-01,2023-12-31
10101,54387,2023-01-01,2023-12-31
10102,43846,2019-01-01,2019-12-31
10102,46763,2020-01-01,2020-12-31
10102,48363,2021-01-01,2021-12-31
10102,51682,2022-01-01,2022-12-31
10102,54538,2023-01-01,2023-12-31
10103,63289,2006-01-01,2006-12-31
10103,66872,2007-01-01,2007-12-31
10103,69927,2008-01-01,2008-12-31
10103,73910,2009-01-01,2009-12-31
10103,78868,2010-01-01,2010-12-31
10103,84295,2011-01-01,2011-12-31
10103,90054,2012-01-01,2012-12-31
10103,94935,2013-01-01,2013-12-31
10103,99865,2014-01-01,2014-12-31
10103,105438,2015-01-01,2015-12-31
10103,108611,2016-01-01,2016-12-31
10103,117163,2017-01-01,2017-12-31
10103,121563,2018-01-01,2018-12-31
10103,128171,2019-01-01,2019-12-31
10103,138058,2020-01-01,2020-12-31
10103,145080,2021-01-01,2021-12-31
10103,155817,2022-01-01,2022-12-31
10103,166554,2023-01-01,2023-12-31
10104,64579,2010-01-01,2010-12-31
10104,68914,2011-01-01,2011-12-31
10104,74091,2012-01-01,2012-12-31
10104,79984,2013-01-01,2013-12-31
10104,85744,2014-01-01,2014-12-31
10104,88111,2015-01-01,2015-12-31
10104,94451,2016-01-01,2016-12-31
10104,97754,2017-01-01,2017-12-31
10104,103881,2018-01-01,2018-12-31
10104,111122,2019-01-01,2019-12-31
10104,118421,2020-01-01,2020-12-31
10104,125594,2021-01-01,2021-12-31
10104,131794,2022-01-01,2022-12-31
10104,138995,2023-01-01,2023-12-31
10105,53573,2020-01-01,2020-12-31
10105,55850,2021-01-01,2021-12-31
10105,57220,2022-01-01,2022-12-31
10105,61092,2023-01-01,2023-12-31
10106,53200,2012-01-01,2012-12-31
10106,55909,2013-01-01,2013-12-31
10106,57960,2014-01-01,2014-12-31
10106,62375,2015-01-01,2015-12-31
10106,65003,2016-01-01,2016-12-31
10106,70009,2017-01-01,2017-12-31
10106,72783,2018-01-01,2018-12-31
10106,74249,2019-01-01,2019-12-31
10106,79182,2020-01-01,2020-12-31
10106,84246,2021-01-01,2021-12-31
10106,89625,2022-01-01,2022-12-31
10106,93882,2023-01-01,2023-12-31
10107,51738,2012-01-01,2012-12-31
10107,55411,2013-01-01,2013-12-31
10107,59164,2014-01-01,2014-12-31
10107,61759,2015-01-01,2015-12-31
10107,66581,2016-01-01,2016-12-31
10107,71207,2017-01-01,2017-12-31
10107,74744,2018-01-01,2018-12-31
10107,77686,2019-01-01,2019-12-31
10107,80561,2020-01-01,2020-12-31
10107,84817,2021-01-01,2021-12-31
10107,87177,2022-01-01,2022-12-31
10107,93379,2023-01-01,2023-12-31
10108,69299,2014-01-01,2014-12-31
10108,73522,2015-01-01,2015-12-31
10108,75205,2016-01-01,2016-12-31
10108,77158,2017-01-01,2017-12-31
10108,82330,2018-01-01,2018-12-31
10108,86246,2019-01-01,2019-12-31
10108,88613,2020-01-01,2020-12-31
10108,94945,2021-01-01,2021-12-31
10108,99357,2022-01-01,2022-12-31
10108,101348,2023-01-01,2023-12-31
10109,46629,2014-01-01,2014-12-31
10109,50347,2015-01-01,2015-12-31
10109,54101,2016-01-01,2016-12-31
10109,58046,2017-01-01,2017-12-31
10109,60258,2018-01-01,2018-12-31
10109,64624,2019-01-01,2019-12-31
10109,69315,2020-01-01,2020-12-31
10109,71089,2021-01-01,2021-12-31
10109,74048,2022-01-01,2022-12-31
10109,75895,2023-01-01,2023-12-31
10110,61263,2006-01-01,2006-12-31
10110,63096,2007-01-01,2007-12-31
10110,65858,2008-01-01,2008-12-31
10110,68382,2009-01-01,2009-12-31
10110,72619,2010-01-01,2010-12-31
10110,75091,2011-01-01,2011-12-31
10110,79546,2012-01-01,2012-12-31
10110,84495,2013-01-01,2013-12-31
10110,86190,2014-01-01,2014-12-31
10110,90379,2015-01-01,2015-12-31
10110,92906,2016-01-01,2016-12-31
10110,96024,2017-01-01,2017-12-31
10110,101862,2018-01-01,2018-12-31
10110,103955,2019-01-01,2019-12-31
10110,110372,2020-01-01,2020-12-31
10110,117990,2021-01-01,2021-12-31
10110,127345,2022-01-01,2022-12-31
10110,133118,2023-01-01,2023-12-31
10111,42320,2023-01-01,2023-12-31
10112,42927,2019-01-01,2019-12-31
10112,45667,2020-01-01,2020-12-31
10112,46860,2021-01-01,2021-12-31
10112,48678,2022-01-01,2022-12-31
10112,52224,2023-01-01,2023-12-31
10113,65344,2018-01-01,2018-12-31
10113,69839,2019-01-01,2019-12-31
10113,74900,2020-01-01,2020-12-31
10113,79281,2021-01-01,2021-12-31
10113,84087,2022-01-01,2022-12-31
10113,86113,2023-01-01,2023-12-31
10114,59998,2020-01-01,2020-12-31
10114,63537,2021-01-01,2021-12-31
10114,66485,2022-01-01,2022-12-31
10114,70696,2023-01-01,2023-12-31
10115,44960,2013-01-01,2013-12-31
10115,48340,2014-01-01,2014-12-31
10115,51093,2015-01-01,2015-12-31
10115,53471,2016-01-01,2016-12-31
10115,55237,2017-01-01,2017-12-31
10115,59313,2018-01-01,2018-12-31
10115,60997,2019-01-01,2019-12-31
10115,62667,2020-01-01,2020-12-31
10115,66665,2021-01-01,2021-12-31
10115,69404,2022-01-01,2022-12-31
10115,72580,2023-01-01,2023-12-31
10116,48119,2011-01-01,2011-12-31
10116,49881,2012-01-01,2012-12-31
10116,51130,2013-01-01,2013-12-31
10116,53850,2014-01-01,2014-12-31
10116,56865,2015-01-01,2015-12-31
10116,60075,2016-01-01,2016-12-31
10116,64084,2017-01-01,2017-12-31
10116,68020,2018-01-01,2018-12-31
10116,72840,2019-01-01,2019-12-31
10116,77174,2020-01-01,2020-12-31
10116,80114,2021-01-01,2021-12-31
10116,84205,2022-01-01,2022-12-31
10116,88463,2023-01-01,2023-12-31
10117,49684,2022-01-01,2022-12-31
10117,52603,2023-01-01,2023-12-31
10118,66010,2012-01-01,2012-12-31
10118,71111,2013-01-01,2013-12-31
10118,74644,2014-01-01,2014-12-31
10118,76641,2015-01-01,2015-12-31
10118,80471,2016-01-01,2016-12-31
10118,84948,2017-01-01,2017-12-31
10118,89339,2018-01-01,2018-12-31
10118,96366,2019-01-01,2019-12-31
10118,103999,2020-01-01,2020-12-31
10118,111906,2021-01-01,2021-12-31
10118,115030,2022-01-01,2022-12-31
10118,123271,2023-01-01,2023-12-31
10119,51973,2008-01-01,2008-12-31
10119,54716,2009-01-01,2009-12-31
10119,56377,2010-01-01,2010-12-31
10119,59097,2011-01-01,2011-12-31
10119,63779,2012-01-01,2012-12-31
10119,65333,2013-01-01,2013-12-31
10119,68942,2014-01-01,2014-12-31
10119,70377,2015-01-01,2015-12-31
10119,72695,2016-01-01,2016-12-31
10119,78172,2017-01-01,2017-12-31
10119,84185,2018-01-01,2018-12-31
10119,87878,2019-01-01,2019-12-31
10119,91146,2020-01-01,2020-12-31
10119,96866,2021-01-01,2021-12-31
10119,103261,2022-01-01,2022-12-31
10119,107950,2023-01-01,2023-12-31
10120,60989,2013-01-01,2013-12-31
10120,64172,2014-01-01,2014-12-31
10120,67827,2015-01-01,2015-12-31
10120,70312,2016-01-01,2016-12-31
10120,73025,2017-01-01,2017-12-31
10120,76725,2018-01-01,2018-12-31
10120,79194,2019-01-01,2019-12-31
10120,84617,2020-01-01,2020-12-31
10120,89032,2021-01-01,2021-12-31
10120,92899,2022-01-01,2022-12-31
10120,98292,2023-01-01,2023-12-31
10121,62316,2017-01-01,2017-12-31
10121,65967,2018-01-01,2018-12-31
10121,68513,2019-01-01,2019-12-31
10121,71681,2020-01-01,2020-12-31
10121,77215,2021-01-01,2021-12-31
10121,79864,2022-01-01,2022-12-31
10121,82632,2023-01-01,2023-12-31
10122,43800,2021-01-01,2021-12-31
10122,45867,2022-01-01,2022-12-31
10122,48459,2023-01-01,2023-12-31
10123,64303,2022-01-01,2022-12-31
10123,68127,2023-01-01,2023-12-31
10124,40415,2011-01-01,2011-12-31
10124,42939,2012-01-01,2012-12-31
10124,45605,2013-01-01,2013-12-31
10124,46965,2014-01-01,2014-12-31
10124,50589,2015-01-01,2015-12-31
10124,53188,2016-01-01,2016-12-31
10124,56750,2017-01-01,2017-12-31
10124,60339,2018-01-01,2018-12-31
10124,62150,2019-01-01,2019-12-31
10124,63866,2020-01-01,2020-12-31
10124,68136,2021-01-01,2021-12-31
10124,70597,2022-01-01,2022-12-31
10124,75763,2023-01-01,2023-12-31
10125,40961,2020-01-01,2020-12-31
10125,42603,2021-01-01,2021-12-31
10125,44552,2022-01-01,2022-12-31
10125,46843,2023-01-01,2023-12-31
10126,58895,2021-01-01,2021-12-31
10126,62290,2022-01-01,2022-12-31
10126,65390,2023-01-01,2023-12-31
10127,41816,2005-01-01,2005-12-31
10127,43905,2006-01-01,2006-12-31
10127,46276,2007-01-01,2007-12-31
10127,48222,2008-01-01,2008-12-31
10127,49924,2009-01-01,2009-12-31
10127,51230,2010-01-01,2010-12-31
10127,54018,2011-01-01,2011-12-31
10127,57440,2012-01-01,2012-12-31
10127,59375,2013-01-01,2013-12-31
10127,62375,2014-01-01,2014-12-31
10127,63787,2015-01-01,2015-12-31
10127,68365,2016-01-01,2016-12-31
10127,70735,2017-01-01,2017-12-31
10127,74151,2018-01-01,2018-12-31
10127,77337,2019-01-01,2019-12-31
10127,79580,2020-01-01,2020-12-31
10127,85617,2021-01-01,2021-12-31
10127,91734,2022-01-01,2022-12-31
10127,96611,2023-01-01,2023-12-31
10128,64270,2017-01-01,2017-12-31
10128,68083,2018-01-01,2018-12-31
10128,70361,2019-01-01,2019-12-31
10128,72816,2020-01-01,2020-12-31
10128,78273,2021-01-01,2021-12-31
10128,81340,2022-01-01,2022-12-31
10128,86997,2023-01-01,2023-12-31
10129,43912,2020-01-01,2020-12-31
10129,46112,2021-01-01,2021-12-31
10129,49529,2022-01-01,2022-12-31
10129,51052,2023-01-01,2023-12-31
10130,41504,2007-01-01,2007-12-31
10130,44709,2008-01-01,2008-12-31
10130,45788,2009-01-01,2009-12-31
10130,47981,2010-01-01,2010-12-31
10130,49753,2011-01-01,2011-12-31
10130,53270,2012-01-01,2012-12-31
10130,55381,2013-01-01,2013-12-31
10130,58326,2014-01-01,2014-12-31
10130,59520,2015-01-01,2015-12-31
10130,61427,2016-01-01,2016-12-31
10130,64733,2017-01-01,2017-12-31
10130,67208,2018-01-01,2018-12-31
10130,71063,2019-01-01,2019-12-31
10130,74462,2020-01-01,2020-12-31
10130,78594,2021-01-01,2021-12-31
10130,82492,2022-01-01,2022-12-31
10130,87965,2023-01-01,2023-12-31
10131,69505,2005-01-01,2005-12-31
10131,73174,2006-01-01,2006-12-31
10131,78132,2007-01-01,2007-12-31
10131,80400,2008-01-01,2008-12-31
10131,86505,2009-01-01,2009-12-31
10131,88359,2010-01-01,2010-12-31
10131,92997,2011-01-01,2011-12-31
10131,98405,2012-01-01,2012-12-31
10131,104467,2013-01-01,2013-12-31
10131,106616,2014-01-01,2014-12-31
10131,110891,2015-01-01,2015-12-31
10131,118158,2016-01-01,2016-12-31
10131,123188,2017-01-01,2017-12-31
10131,131107,2018-01-01,2018-12-31
10131,136148,2019-01-01,2019-12-31
10131,140547,2020-01-01,2020-12-31
10131,151648,2021-01-01,2021-12-31
10131,158500,2022-01-01,2022-12-31
10131,170810,2023-01-01,2023-12-31
10132,44665,2009-01-01,2009-12-31
10132,47465,2010-01-01,2010-12-31
10132,48679,2011-01-01,2011-12-31
10132,52343,2012-01-01,2012-12-31
10132,56207,2013-01-01,2013-12-31
10132,59083,2014-01-01,2014-12-31
10132,62749,2015-01-01,2015-12-31
10132,65406,2016-01-01,2016-12-31
10132,70538,2017-01-01,2017-12-31
10132,72308,2018-01-01,2018-12-31
10132,74168,2019-01-01,2019-12-31
10132,76245,2020-01-01,2020-12-31
10132,81520,2021-01-01,2021-12-31
10132,83516,2022-01-01,2022-12-31
10132,88031,2023-01-01,2023-12-31
10133,44283,2017-01-01,2017-12-31
10133,45797,2018-01-01,2018-12-31
10133,47430,2019-01-01,2019-12-31
10133,49275,2020-01-01,2020-12-31
10133,52628,2021-01-01,2021-12-31
10133,55893,2022-01-01,2022-12-31
10133,59476,2023-01-01,2023-12-31
10134,48911,2013-01-01,2013-12-31
10134,50574,2014-01-01,2014-12-31
10134,54448,2015-01-01,2015-12-31
10134,55981,2016-01-01,2016-12-31
10134,59687,2017-01-01,2017-12-31
10134,61270,2018-01-01,2018-12-31
10134,62883,2019-01-01,2019-12-31
10134,65836,2020-01-01,2020-12-31
10134,68393,2021-01-01,2021-12-31
10134,70256,2022-01-01,2022-12-31
10134,73171,2023-01-01,2023-12-31
10135,54808,2010-01-01,2010-12-31
10135,56918,2011-01-01,2011-12-31
10135,58961,2012-01-01,2012-12-31
10135,60564,2013-01-01,2013-12-31
10135,62348,2014-01-01,2014-12-31
10135,66161,2015-01-01,2015-12-31
10135,70764,2016-01-01,2016-12-31
10135,75138,2017-01-01,2017-12-31
10135,76822,2018-01-01,2018-12-31
10135,82211,2019-01-01,2019-12-31
10135,85472,2020-01-01,2020-12-31
10135,87649,2021-01-01,2021-12-31
10135,90707,2022-01-01,2022-12-31
10135,94457,2023-01-01,2023-12-31
10136,62189,2019-01-01,2019-12-31
10136,64547,2020-01-01,2020-12-31
10136,69013,2021-01-01,2021-12-31
10136,71113,2022-01-01,2022-12-31
10136,76597,2023-01-01,2023-12-31
10137,58217,2016-01-01,2016-12-31
10137,61994,2017-01-01,2017-12-31
10137,64163,2018-01-01,2018-12-31
10137,67225,2019-01-01,2019-12-31
10137,71812,2020-01-01,2020-12-31
10137,73850,2021-01-01,2021-12-31
10137,75379,2022-01-01,2022-12-31
10137,80642,2023-01-01,2023-12-31
10138,44283,2023-01-01,2023-12-31
10139,53126,2016-01-01,2016-12-31
10139,55375,2017-01-01,2017-12-31
10139,58576,2018-01-01,2018-12-31
10139,62013,2019-01-01,2019-12-31
10139,65419,2020-01-01,2020-12-31
10139,67743,2021-01-01,2021-12-31
10139,72401,2022-01-01,2022-12-31
10139,73943,2023-01-01,2023-12-31
10140,69572,2006-01-01,2006-12-31
10140,73659,2007-01-01,2007-12-31
10140,78708,2008-01-01,2008-12-31
10140,80716,2009-01-01,2009-12-31
10140,86433,2010-01-01,2010-12-31
10140,92356,2011-01-01,2011-12-31
10140,94882,2012-01-01,2012-12-31
10140,102143,2013-01-01,2013-12-31
10140,104496,2014-01-01,2014-12-31
10140,112380,2015-01-01,2015-12-31
10140,117548,2016-01-01,2016-12-31
10140,125008,2017-01-01,2017-12-31
10140,131229,2018-01-01,2018-12-31
10140,136867,2019-01-01,2019-12-31
10140,143108,2020-01-01,2020-12-31
10140,149009,2021-01-01,2021-12-31
10140,160109,2022-01-01,2022-12-31
10140,165952,2023-01-01,2023-12-31
10141,44870,2015-01-01,2015-12-31
10141,45860,2016-01-01,2016-12-31
10141,48480,2017-01-01,2017-12-31
10141,50164,2018-01-01,2018-12-31
10141,52055,2019-01-01,2019-12-31
10141,54382,2020-01-01,2020-12-31
10141,57266,2021-01-01,2021-12-31
10141,58620,2022-01-01,2022-12-31
10141,60776,2023-01-01,2023-12-31
10142,46535,2013-01-01,2013-12-31
10142,49260,2014-01-01,2014-12-31
10142,52601,2015-01-01,2015-12-31
10142,54439,2016-01-01,2016-12-31
10142,58774,2017-01-01,2017-12-31
10142,61866,2018-01-01,2018-12-31
10142,63175,2019-01-01,2019-12-31
10142,65888,2020-01-01,2020-12-31
10142,70025,2021-01-01,2021-12-31
10142,73440,2022-01-01,2022-12-31
10142,78352,2023-01-01,2023-12-31
10143,58535,2007-01-01,2007-12-31
10143,61470,2008-01-01,2008-12-31
10143,64131,2009-01-01,2009-12-31
10143,66105,2010-01-01,2010-12-31
10143,68691,2011-01-01,2011-12-31
10143,70967,2012-01-01,2012-12-31
10143,76200,2013-01-01,2013-12-31
10143,81283,2014-01-01,2014-12-31
10143,83194,2015-01-01,2015-12-31
10143,89807,2016-01-01,2016-12-31
10143,94455,2017-01-01,2017-12-31
10143,100690,2018-01-01,2018-12-31
10143,108742,2019-01-01,2019-12-31
10143,117271,2020-01-01,2020-12-31
10143,120320,2021-01-01,2021-12-31
10143,127468,2022-01-01,2022-12-31
10143,132055,2023-01-01,2023-12-31
10144,64151,2013-01-01,2013-12-31
10144,65649,2014-01-01,2014-12-31
10144,70886,2015-01-01,2015-12-31
10144,73236,2016-01-01,2016-12-31
10144,78420,2017-01-01,2017-12-31
10144,83740,2018-01-01,2018-12-31
10144,87197,2019-01-01,2019-12-31
10144,93331,2020-01-01,2020-12-31
10144,99930,2021-01-01,2021-12-31
10144,102984,2022-01-01,2022-12-31
10144,108704,2023-01-01,2023-12-31
10145,62859,2008-01-01,2008-12-31
10145,65469,2009-01-01,2009-12-31
10145,69102,2010-01-01,2010-12-31
10145,73400,2011-01-01,2011-12-31
10145,76416,2012-01-01,2012-12-31
10145,80546,2013-01-01,2013-12-31
10145,82843,2014-01-01,2014-12-31
10145,89213,2015-01-01,2015-12-31
10145,95475,2016-01-01,2016-12-31
10145,102026,2017-01-01,2017-12-31
10145,110006,2018-01-01,2018-12-31
10145,115784,2019-01-01,2019-12-31
10145,119319,2020-01-01,2020-12-31
10145,121977,2021-01-01,2021-12-31
10145,124827,2022-01-01,2022-12-31
10145,131829,2023-01-01,2023-12-31
10146,55662,2019-01-01,2019-12-31
10146,56777,2020-01-01,2020-12-31
10146,61039,2021-01-01,2021-12-31
10146,62997,2022-01-01,2022-12-31
10146,64750,2023-01-01,2023-12-31
10147,66293,2014-01-01,2014-12-31
10147,70977,2015-01-01,2015-12-31
10147,73774,2016-01-01,2016-12-31
10147,75346,2017-01-01,2017-12-31
10147,79504,2018-01-01,2018-12-31
10147,85469,2019-01-01,2019-12-31
10147,91149,2020-01-01,2020-12-31
10147,97601,2021-01-01,2021-12-31
10147,104593,2022-01-01,2022-12-31
10147,112712,2023-01-01,2023-12-31
10148,61696,2022-01-01,2022-12-31
10148,64394,2023-01-01,2023-12-31
10149,49888,2018-01-01,2018-12-31
10149,51851,2019-01-01,2019-12-31
10149,55923,2020-01-01,2020-12-31
10149,59498,2021-01-01,2021-12-31
10149,62247,2022-01-01,2022-12-31
10149,65879,2023-01-01,2023-12-31
10150,50396,2016-01-01,2016-12-31
10150,51930,2017-01-01,2017-12-31
10150,55987,2018-01-01,2018-12-31
10150,59436,2019-01-01,2019-12-31
10150,63937,2020-01-01,2020-12-31
10150,68234,2021-01-01,2021-12-31
10150,70512,2022-01-01,2022-12-31
10150,74413,2023-01-01,2023-12-31
